{
  "$schema": "http://json-schema.org/draft-07/schema#",
  "title": "Consultant Clinical Monthly Claim (V3.1)",
  "type": "object",
  "required": ["meta","clinician","sessions","declarations"],
  "properties": {
    "meta": {
      "type": "object",
      "required": ["generatedAt","kpiTarget","reportingMonth","monthlyTotalPoints"],
      "properties": {
        "generatedAt": { "type": "string", "format": "date-time" },
        "kpiTarget": { "type": "integer", "enum": [36] },
        "reportingMonth": { "type": "string", "pattern": "^\\d{4}-\\d{2}$" },
        "monthlyTotalPoints": { "type": "integer", "minimum": 0 }
      }
    },
    "clinician": {
      "type": "object",
      "required": ["name","grade","esr","directorate"],
      "properties": {
        "name": { "type": "string", "minLength": 1 },
        "grade": { "type": "string", "enum": ["Consultant","SAS","Locum Consultant","Other"] },
        "esr": { "type": "string", "minLength": 1 },
        "directorate": { "type": "string", "minLength": 1 }
      }
    },
    "sessions": {
      "type": "array",
      "minItems": 1,
      "items": {
        "type": "object",
        "required": ["sessionId","date","startTime","finishTime","location","reason","metrics"],
        "properties": {
          "sessionId": { "type": "string", "minLength": 1 },
          "date": { "type": "string", "format": "date" },
          "startTime": { "type": "string", "pattern": "^\\d{2}:\\d{2}$" },
          "finishTime": { "type": "string", "pattern": "^\\d{2}:\\d{2}$" },
          "location": { "type": "string", "enum": ["On-site","Off-site","Virtual"] },
          "reason": { "type": "string", "enum": ["Waiting list initiative","Backlog Reduction"] },
          "metrics": {
            "type": "object",
            "required": ["casesReported","totalPoints","kpiStatus","specimens"],
            "properties": {
              "casesReported": { "type": "integer", "minimum": 0 },
              "totalPoints": { "type": "integer", "minimum": 0 },
              "kpiStatus": { "type": "string", "enum": ["Below target","On target","Over target"] },
              "specimens": {
                "type": "array",
                "minItems": 1,
                "items": {
                  "type": "object",
                  "required": ["specimenNumber","urgency","tissueType","points"],
                  "properties": {
                    "specimenNumber": { "type": "string", "minLength": 1 },
                    "urgency": { "type": "string", "enum": ["Urgent","Routine"] },
                    "tissueType": { "type": "string", "enum": ["Breast","Neck","Lung","Skin","Other"] },
                    "points": { "type": "integer", "minimum": 0 }
                  }
                }
              }
            }
          }
        }
      }
    },
    "declarations": {
      "type": "object",
      "required": ["clinician","budgetHolder"],
      "properties": {
        "clinician": {
          "type": "object",
          "required": ["confirmed","initials","date"],
          "properties": {
            "confirmed": { "type": "boolean" },
            "initials": { "type": "string", "minLength": 1 },
            "date": { "type": "string", "format": "date" }
          }
        },
        "budgetHolder": {
          "type": "object",
          "required": ["name","initials","date"],
          "properties": {
            "name": { "type": "string", "minLength": 1 },
            "initials": { "type": "string", "minLength": 1 },
            "date": { "type": "string", "format": "date" },
            "email": { "type": "string", "format": "email" }
          }
        }
      }
    }
  }
}